Actors,Awards,Country,Director,Genre,Language,Metascore,Plot,Poster,Rated,Released,Response,Runtime,Title,Type,Writer,Year,id,imdbID,imdbRating,imdbVotes
"Tom Hanks, Tim Allen, Don Rickles, Jim Varney",Nominated for 3 Oscars. Another 22 wins & 17 nominations.,USA,John Lasseter,"Animation, Adventure, Comedy",English,92,"A little boy named Andy loves to be in his room, playing with his toys, especially his doll named ""Woody"". But, what do the toys do when Andy is not with them, they come to life. Woody believes that he has life (as a toy) good. However, he must worry about Andy's family moving, and what Woody does not know is about Andy's birthday party. Woody does not realize that Andy's mother gave him an action figure known as Buzz Lightyear, who does not believe that he is a toy, and quickly becomes Andy's new favorite toy. Woody, who is now consumed with jealousy, tries to get rid of Buzz. Then, both Woody and Buzz are now lost. They must find a way to get back to Andy before he moves without them, but they will have to pass through a ruthless toy killer, Sid Phillips.",http://ia.media-imdb.com/images/M/MV5BMTgwMjI4MzU5N15BMl5BanBnXkFtZTcwMTMyNTk3OA@@._V1_SX300.jpg,G,22 Nov 1995,True,81 min,Toy Story,movie,"John Lasseter (original story by), Pete Docter (original story by), Andrew Stanton (original story by), Joe Ranft (original story by), Joss Whedon (screenplay), Andrew Stanton (screenplay), Joel Cohen (screenplay), Alec Sokolow (screenplay)",1995,1,tt0114709,8.3,"591,836"
"Robin Williams, Jonathan Hyde, Kirsten Dunst, Bradley Pierce",4 wins & 9 nominations.,USA,Joe Johnston,"Adventure, Family, Fantasy","English, French",39,"After being trapped in a jungle board game for 26 years, a Man-Child wins his release from the game. But, no sooner has he arrived that he is forced to play again, and this time sets the creatures of the jungle loose on the city. Now it is up to him to stop them.",http://ia.media-imdb.com/images/M/MV5BMTk5MjAyNTM4Ml5BMl5BanBnXkFtZTgwMjY0MDI0MjE@._V1_SX300.jpg,PG,15 Dec 1995,True,104 min,Jumanji,movie,"Jonathan Hensleigh (screenplay), Greg Taylor (screenplay), Jim Strain (screenplay), Greg Taylor (screen story), Jim Strain (screen story), Chris Van Allsburg (screen story), Chris Van Allsburg (book)",1995,2,tt0113497,6.9,"198,355"
"Walter Matthau, Jack Lemmon, Sophia Loren, Ann-Margret",2 wins & 2 nominations.,USA,Howard Deutch,"Comedy, Romance",English,46,"John and Max resolve to save their beloved bait shop from turning into an Italian restaurant, just as its new female owner catches Max's attention.",http://ia.media-imdb.com/images/M/MV5BMTk1MTk4MDQ4OF5BMl5BanBnXkFtZTYwNDYyMzg4._V1_SX300.jpg,PG-13,22 Dec 1995,True,101 min,Grumpier Old Men,movie,"Mark Steven Johnson (characters), Mark Steven Johnson",1995,3,tt0113228,6.6,"18,615"
"Whitney Houston, Angela Bassett, Loretta Devine, Lela Rochon",8 wins & 8 nominations.,USA,Forest Whitaker,"Comedy, Drama, Romance",English,N/A,"This story based on the best selling novel by Terry McMillan follows the lives of four African-American women as they try to deal with their very lives. Friendship becomes the strongest bond between these women as men, careers, and families take them in different directions. Often light-hearted this movie speaks about some of the problems and struggles the modern women face in today's world.",http://ia.media-imdb.com/images/M/MV5BMTczMTMyMTgyM15BMl5BanBnXkFtZTcwOTc4OTQyMQ@@._V1_SX300.jpg,R,22 Dec 1995,True,124 min,Waiting to Exhale,movie,"Terry McMillan (novel), Terry McMillan (screenplay), Ronald Bass (screenplay)",1995,4,tt0114885,5.6,"7,210"
"Steve Martin, Diane Keaton, Martin Short, Kimberly Williams-Paisley",Nominated for 1 Golden Globe. Another 1 win & 1 nomination.,USA,Charles Shyer,Comedy,English,49,"In this sequel to ""Father of the Bride"", George Banks must accept the reality of what his daughter's ascension from daughter to wife, and now, to mother means when placed into perspective against his own stage of life. As the comfortable family unit starts to unravel in his mind, a rapid progression into mid-life crisis is in his future. His journey to regain his youth acts as a catalyst for a kind of ""rebirth"" of his attitude on life when he and his wife, Nina, find how their lives are about to change as well.",http://ia.media-imdb.com/images/M/MV5BMTg1NDc2MjExOF5BMl5BanBnXkFtZTcwNjU1NDAzMQ@@._V1_SX300.jpg,PG,08 Dec 1995,True,106 min,Father of the Bride Part II,movie,"Albert Hackett (screenplay), Frances Goodrich (screenplay), Nancy Meyers (screenplay), Charles Shyer (screenplay)",1995,5,tt0113041,5.9,"25,938"
"Al Pacino, Robert De Niro, Val Kilmer, Jon Voight",11 nominations.,USA,Michael Mann,"Action, Crime, Drama","English, Spanish",76,"Hunters and their prey--Neil and his professional criminal crew hunt to score big money targets (banks, vaults, armored cars) and are, in turn, hunted by Lt. Vincent Hanna and his team of cops in the Robbery/Homicide police division. A botched job puts Hanna onto their trail while they regroup and try to put together one last big 'retirement' score. Neil and Vincent are similar in many ways, including their troubled personal lives. At a crucial moment in his life, Neil disobeys the dictum taught to him long ago by his criminal mentor--'Never have anything in your life that you can't walk out on in thirty seconds flat, if you spot the heat coming around the corner'--as he falls in love. Thus the stage is set for the suspenseful ending....",http://ia.media-imdb.com/images/M/MV5BMTM1NDc4ODkxNV5BMl5BanBnXkFtZTcwNTI4ODE3MQ@@._V1_SX300.jpg,R,15 Dec 1995,True,170 min,Heat,movie,Michael Mann,1995,6,tt0113277,8.2,"416,316"
"Harrison Ford, Julia Ormond, Greg Kinnear, Nancy Marchand",Nominated for 2 Oscars. Another 1 win & 4 nominations.,"Germany, USA",Sydney Pollack,"Comedy, Drama","English, French",N/A,"While she was growing up, Sabrina Fairchild spent more time perched in a tree watching the Larrabee family than she ever did on solid ground. As the chauffeur's daughter on their lavish Long Island estate, Sabrina was invisible behind the branches, but she knew them all below... There is Maude Larrabee, the modern matriarch of the Larrabee Corporation; Linus Larrabee, the serious older son who expanded a successful family business into the world's largest communications company; and David, the handsome, fun-loving Larrabee, who was the center of Sabrina's world until she was shipped off to Paris. After two years on the staff of Vogue magazine, Sabrina has returned to the Larrabee estate but now she has blossomed into a beautiful and sophisticated woman. And she's standing in the way of a billion dollar deal.",http://ia.media-imdb.com/images/M/MV5BMTYxMTg3OTYyOF5BMl5BanBnXkFtZTcwODE3NTYxMQ@@._V1_SX300.jpg,PG,15 Dec 1995,True,127 min,Sabrina,movie,"Samuel A. Taylor (play), Billy Wilder (earlier screenplay), Samuel A. Taylor (earlier screenplay), Ernest Lehman (earlier screenplay), Barbara Benedek (screenplay), David Rayfiel (screenplay)",1995,7,tt0114319,6.2,"29,091"
"Jonathan Taylor Thomas, Brad Renfro, Eric Schweig, Charles Rocket",1 win & 5 nominations.,USA,Peter Hewitt,"Adventure, Comedy, Drama",English,N/A,"A mischievous young boy, Tom Sawyer (Jonathan Taylor Thomas, witnesses a murder by the deadly Injun Joe. Tom becomes friends with Huckleberry Finn (Brad Renfro, a boy with no future and no family. Tom has to choose between honoring a friendship or honoring an oath because the town alcoholic is accused of the murder. Tom and Huck go through several adventures trying to retrieve evidence.",http://ia.media-imdb.com/images/M/MV5BMTUxNDYzMDY1OV5BMl5BanBnXkFtZTcwNDA2MzYxMQ@@._V1_SX300.jpg,PG,22 Dec 1995,True,97 min,Tom and Huck,movie,"Mark Twain (novel), Stephen Sommers (screenplay), David Loughery (screenplay)",1995,8,tt0112302,5.6,"7,224"
"Jean-Claude Van Damme, Powers Boothe, Raymond J. Barry, Whittni Wright",N/A,USA,Peter Hyams,"Action, Crime, Thriller",English,N/A,A former fireman takes on a group of terrorists holding the Vice President and others hostage during the seventh game of the NHL Stanley Cup finals.,http://ia.media-imdb.com/images/M/MV5BMTcwMTU2OTMxNV5BMl5BanBnXkFtZTcwMzg3MTYyMQ@@._V1_SX300.jpg,R,22 Dec 1995,True,111 min,Sudden Death,movie,"Karen Elise Baldwin (story), Gene Quintano (screenplay)",1995,9,tt0114576,5.7,"24,978"
"Pierce Brosnan, Sean Bean, Izabella Scorupco, Famke Janssen",Nominated for 2 BAFTA Film Awards. Another 2 wins & 6 nominations.,"UK, USA",Martin Campbell,"Action, Adventure, Sci-Fi","English, Russian, Spanish",65,"When a deadly satellite weapon system falls into the wrong hands, only Agent 007 can save the world from certain disaster. Armed with his license to kill, Bond races to Russia in search of the stolen access codes for ""Goldeneye,"" an awesome space weapon that can fire a devastating electromagnetic pulse toward Earth. But 007 is up against an enemy who anticipates his every move: a mastermind motivated by years of simmering hatred. Bond also squares off against Xenia Onatopp, an assassin who uses pleasure as her ultimate weapon.",http://ia.media-imdb.com/images/M/MV5BMzk2OTg4MTk1NF5BMl5BanBnXkFtZTcwNjExNTgzNA@@._V1_SX300.jpg,PG-13,17 Nov 1995,True,130 min,GoldenEye,movie,"Ian Fleming (characters), Michael France (story), Jeffrey Caine (screenplay), Bruce Feirstein (screenplay)",1995,10,tt0113189,7.2,"194,676"
"Michael Douglas, Annette Bening, Martin Sheen, Michael J. Fox",Nominated for 1 Oscar. Another 1 win & 9 nominations.,USA,Rob Reiner,"Comedy, Drama, Romance","English, French",67,"Andrew Shepherd is approaching the end of his first term as President of the United States. He's a widower with a young daughter and has proved to be popular with the public. His election seems assured. That is until he meets Sydney Ellen Wade, a paid political activist working for an environmental lobby group. He's immediately smitten with her and after several amusing attempts, they finally manage to go on a date (which happens to be a State dinner for the visiting President of France). His relationship with Wade opens the door for his prime political opponent, Senator Bob Rumson, to launch an attack on the President's character, something he could not do in the previous election as Shepherd's wife had only recently died.",http://ia.media-imdb.com/images/M/MV5BMTI5NDU2NDYzOF5BMl5BanBnXkFtZTYwNDk5MDI5._V1_SX300.jpg,PG-13,17 Nov 1995,True,114 min,The American President,movie,Aaron Sorkin,1995,11,tt0112346,6.8,"41,983"
"Leslie Nielsen, Peter MacNicol, Steven Weber, Amy Yasbeck",N/A,"USA, France",Mel Brooks,"Comedy, Fantasy, Horror","English, German",N/A,"Another spoof from the mind of Mel Brooks. This time he's out to poke fun at the Dracula myth. Basically, he took ""Bram Stoker's Dracula,"" gave it a new cast and a new script and made a big joke out of it. The usual, rich English are attacked by Dracula and Dr. Van Helsing is brought in to save the day.",http://ia.media-imdb.com/images/M/MV5BMTc3MjI0NjA0Nl5BMl5BanBnXkFtZTcwNDYwODUyMQ@@._V1_SX300.jpg,PG-13,22 Dec 1995,True,88 min,Dracula: Dead and Loving It,movie,"Mel Brooks (screenplay), Rudy De Luca (screenplay), Steve Haberman (screenplay), Rudy De Luca (story), Steve Haberman (story), Bram Stoker (characters)",1995,12,tt0112896,5.8,"29,321"
"Kevin Bacon, Bob Hoskins, Bridget Fonda, Jim Cummings",5 nominations.,USA,Simon Wells,"Animation, Adventure, Drama",English,N/A,"A half-wolf, half-husky named Balto gets a chance to become a hero when an outbreak of diphtheria threatens the children of Nome, Alaska in the winter of 1925. He leads a dog team on a 600-mile trip across the Alaskan wilderness to get medical supplies. The film is based on a true story which inspired the Iditarod dog sled race.",http://ia.media-imdb.com/images/M/MV5BMjA4MDQ0Nzc3N15BMl5BanBnXkFtZTYwMTkzODk4._V1_SX300.jpg,G,22 Dec 1995,True,78 min,Balto,movie,"Cliff Ruby (screenplay), Elana Lesser (screenplay), David Steven Cohen (screenplay), Roger S.H. Schulman (screenplay)",1995,13,tt0112453,7.1,"29,277"
"Anthony Hopkins, Joan Allen, Powers Boothe, Ed Harris",Nominated for 4 Oscars. Another 9 wins & 13 nominations.,USA,Oliver Stone,"Biography, Drama, History","English, Mandarin, Russian",66,"Director Oliver Stone's exploration of former president Richard Nixon's strict Quaker upbringing, his nascent political strivings in law school, and his strangely self-effacing courtship of his wife, Pat. The contradictions in his character are revealed early, in the vicious campaign against Helen Gahagan Douglas and the oddly masochistic Checkers speech. His defeat at the hands of the hated and envied John F. Kennedy in the 1960 presidential election, followed by the loss of the 1962 California gubernatorial race, seem to signal the end of his career. Yet, although wholly lacking in charisma, Nixon remains a brilliant political operator, seizing the opportunity provided by the backlash against the antiwar movement to take the presidency in 1968. It is only when safely in office, running far ahead in the polls for the 1972 presidential election, that his growing paranoia comes to full flower, triggering the Watergate scandal.",http://ia.media-imdb.com/images/M/MV5BMTQ4ODUxNTU2OV5BMl5BanBnXkFtZTcwOTIwODMyMQ@@._V1_SX300.jpg,R,05 Jan 1996,True,192 min,Nixon,movie,"Stephen J. Rivele, Christopher Wilkinson, Oliver Stone",1995,14,tt0113987,7.1,"23,508"
"Geena Davis, Matthew Modine, Frank Langella, Maury Chaykin",1 nomination.,"USA, France, Italy, Germany",Renny Harlin,"Action, Adventure, Comedy",English,N/A,"Morgan Adams and her slave, William Shaw, are on a quest to recover the three portions of a treasure map. Unfortunately, the final portion is held by her murderous uncle, Dawg. Her crew is skeptical of her leadership abilities, so she must complete her quest before they mutiny against her. This is made yet more difficult by the efforts of the British crown to end her piratical raids.",http://ia.media-imdb.com/images/M/MV5BMTYyNjc2MjY2MV5BMl5BanBnXkFtZTcwNjU3NjM0MQ@@._V1_SX300.jpg,PG-13,22 Dec 1995,True,124 min,Cutthroat Island,movie,"Michael Frost Beckner (story), James Gorman (story), Bruce A. Evans (story), Raynold Gideon (story), Robert King (screenplay), Marc Norman (screenplay)",1995,15,tt0112760,5.6,"20,522"
"Robert De Niro, Sharon Stone, Joe Pesci, James Woods",Nominated for 1 Oscar. Another 3 wins & 9 nominations.,"USA, France",Martin Scorsese,"Biography, Crime, Drama",English,73,"This Martin Scorsese film depicts the Janus-like quality of Las Vegas--it has a glittering, glamorous face, as well as a brutal, cruel one. Ace Rothstein and Nicky Santoro, mobsters who move to Las Vegas to make their mark, live and work in this paradoxical world. Seen through their eyes, each as a foil to the other, the details of mob involvement in the casinos of the 1970's and '80's are revealed. Ace is the smooth operator of the Tangiers casino, while Nicky is his boyhood friend and tough strongman, robbing and shaking down the locals. However, they each have a tragic flaw--Ace falls in love with a hustler, Ginger, and Nicky falls into an ever-deepening spiral of drugs and violence.",http://ia.media-imdb.com/images/M/MV5BMTMzMjkwMTk4Nl5BMl5BanBnXkFtZTYwNjYxMjk5._V1_SX300.jpg,R,22 Nov 1995,True,178 min,Casino,movie,"Nicholas Pileggi (book), Nicholas Pileggi (screenplay), Martin Scorsese (screenplay)",1995,16,tt0112641,8.2,"320,118"
"James Fleet, Tom Wilkinson, Harriet Walter, Kate Winslet",Won 1 Oscar. Another 31 wins & 44 nominations.,"USA, UK",Ang Lee,"Drama, Romance","English, French",84,"When Mr. Dashwood dies, he must leave the bulk of his estate to the son by his first marriage, which leaves his second wife and their three daughters (Elinor, Marianne, and Margaret) in straitened circumstances. They are taken in by a kindly cousin, but their lack of fortune affects the marriageability of both practical Elinor and romantic Marianne. When Elinor forms an attachment for the wealthy Edward Ferrars, his family disapproves and separates them. And though Mrs. Jennings tries to match the worthy (and rich) Colonel Brandon to her, Marianne finds the dashing and fiery John Willoughby more to her taste. Both relationships are sorely tried.",http://ia.media-imdb.com/images/M/MV5BNzk1MjU3MDQyMl5BMl5BanBnXkFtZTcwNjc1OTM2MQ@@._V1_SX300.jpg,PG,26 Jan 1996,True,136 min,Sense and Sensibility,movie,"Jane Austen (novel), Emma Thompson (screenplay)",1995,17,tt0114388,7.7,"76,082"
"Sammi Davis, Amanda De Cadenet, Valeria Golino, Madonna",1 win & 1 nomination.,USA,"Allison Anders, Alexandre Rockwell, Robert Rodriguez, Quentin Tarantino","Comedy, Crime",English,N/A,"This movie features the collaborative directorial efforts of four new filmmakers, each of whom directs a segment of this comedy. It's New Year's Eve at the Mon Signor Hotel, a former grand old Hollywood hotel, now fallen upon hard times. Often using physical comedy and sight gags, this movie chronicles the slapstick misadventures of Ted, the Bellhop. He's on his first night on the job, when he's asked to help out a coven of witches in the Honeymoon Suite. Things only get worse when he delivers ice to the wrong room and ends up in a domestic argument at a really bad time. Next, he foolishly agrees to watch a gangster's kids for him while he's away. Finally, he finishes off the night refereeing a ghastly wager.",http://ia.media-imdb.com/images/M/MV5BMTQwOTMzNjA0Nl5BMl5BanBnXkFtZTcwMjgzNTUyMQ@@._V1_SX300.jpg,R,25 Dec 1995,True,98 min,Four Rooms,movie,"Allison Anders, Alexandre Rockwell, Robert Rodriguez, Quentin Tarantino",1995,18,tt0113101,6.7,"75,952"
"Jim Carrey, Ian McNeice, Simon Callow, Maynard Eziashi",7 wins & 7 nominations.,USA,Steve Oedekerk,"Adventure, Comedy",English,45,"Ace Ventura, emerging from self-imposed exile in a remote Himalayan hideaway, travels to Africa with explorer Fulton Greenwall to find a sacred bat which is told will avert a war between with Wachootoo and Wachati tribes. Of course, when Ace gets involved, all hell breaks loose...",http://ia.media-imdb.com/images/M/MV5BNzMzODY1ODAzNl5BMl5BanBnXkFtZTYwODEzNjE5._V1_SX300.jpg,PG-13,10 Nov 1995,True,90 min,Ace Ventura: When Nature Calls,movie,"Jack Bernstein (characters), Steve Oedekerk",1995,19,tt0112281,6.3,"155,200"
"Wesley Snipes, Woody Harrelson, Jennifer Lopez, Robert Blake",1 nomination.,USA,Joseph Ruben,"Action, Comedy, Crime",English,N/A,"Two foster brothers work as transit cops. While one's life is as good as it gets, the other's is a pit. After losing his job, getting dumped by his brother, and getting the crap kicked out of him by a loan shark for the umpteenth time, He implements his plan to steal the ""money train,"" a train carrying the New York Subway's weekly revenue. But when things go awry, will his brother be able to save him in time?",http://ia.media-imdb.com/images/M/MV5BNDEwNzcyNjkzNl5BMl5BanBnXkFtZTcwNzQyMzYxMQ@@._V1_SX300.jpg,R,22 Nov 1995,True,110 min,Money Train,movie,"Doug Richardson (story), Doug Richardson (screenplay), David Loughery (screenplay)",1995,20,tt0113845,5.6,"31,488"
"John Travolta, Gene Hackman, Rene Russo, Danny DeVito",Won 1 Golden Globe. Another 5 wins & 15 nominations.,USA,Barry Sonnenfeld,"Comedy, Crime, Thriller",English,82,"Some guys get all the luck, whether they like it or not. Chili Palmer happens to be in Hollywood collecting a gambling debt when he's struck by lightning (not literally). Called a natural for the movie business, he's snagged up by a producer. The rest is history.",http://ia.media-imdb.com/images/M/MV5BMjAwODYzNDY4Ml5BMl5BanBnXkFtZTcwODkwNTgzNA@@._V1_SX300.jpg,R,20 Oct 1995,True,105 min,Get Shorty,movie,"Elmore Leonard (novel), Scott Frank (screenplay)",1995,21,tt0113161,6.9,"61,591"
"Sigourney Weaver, Holly Hunter, Dermot Mulroney, William McNamara",2 wins & 1 nomination.,USA,Jon Amiel,"Crime, Drama, Mystery",English,54,"In San Francisco, the criminal psychologist Helen Hudson is specialized in serial-killers. During a trial, the accused Daryll Lee Cullum kills a police officer and tries to kill her and she becomes agoraphobic. Now Helen lives a reclusive life with her gay friend Andy that helps her. Sometime later, there is a wave of crimes and Detectives M.J. Monahan and Reuben Goetz are investigating the murder cases. Helen identifies that the murderer is copycatting notorious serial-killers and she anonymously contacts the Police Department. After fourteen phone calls, she is identified by the police. Detectives M.J. and Reuben visit her and Helen teams up with them and prepares the profile of the killer that wants to be famous. But soon the copycat killer Peter Foley contacts and stalks Helen and M.J. and Reuben give protection to her. Will they be capable to stop Foley before the next murder?",http://ia.media-imdb.com/images/M/MV5BMTMwNzcwMTAxOV5BMl5BanBnXkFtZTYwMzYyNzQ5._V1_SX300.jpg,R,27 Oct 1995,True,123 min,Copycat,movie,"Ann Biderman, David Madsen",1995,22,tt0112722,6.6,"41,335"
"Sylvester Stallone, Antonio Banderas, Julianne Moore, Anatoli Davydov",1 win & 1 nomination.,"France, USA",Richard Donner,"Action, Crime, Thriller","English, Dutch, Spanish",N/A,"Robert Rath is a seasoned hitman who just wants out of the business with no back talk. But, as things go, it ain't so easy. A younger, peppier assassin named Bain is having a field day trying to kill said older assassin. Rath teams up with a computer hacker named Electra to defeat the obsessed Bain.",http://ia.media-imdb.com/images/M/MV5BMTY4OTUwMDY0Ml5BMl5BanBnXkFtZTcwMTg1NDcyMQ@@._V1_SX300.jpg,R,06 Oct 1995,True,132 min,Assassins,movie,"Andy Wachowski (story), Lana Wachowski (story), Andy Wachowski (screenplay), Lana Wachowski (screenplay), Brian Helgeland (screenplay)",1995,23,tt0112401,6.3,"60,996"
"Mary Steenburgen, Sean Patrick Flanery, Lance Henriksen, Jeff Goldblum",1 win & 1 nomination.,USA,Victor Salva,"Drama, Fantasy, Mystery",English,N/A,"When sheriff Barnum investigates the death of an elderly rural resident, he discovers a teenage grandson living in the basement. Raised by his grandparents, he has experienced the world only through books, never leaving the family farm. He is sent to a state home for boys where he has trouble fitting in socially. His odd appearance and unusual abilities cause the small town residents to fear and ridicule him. However, not all are afraid. Some begin to view his potential and gifts with wonderment.",http://ia.media-imdb.com/images/M/MV5BMTM2NDczNjYwMV5BMl5BanBnXkFtZTYwNTI3Mjc4._V1_SX300.jpg,PG-13,27 Oct 1995,True,111 min,Powder,movie,Victor Salva,1995,24,tt0114168,6.5,"23,715"
"Nicolas Cage, Elisabeth Shue, Julian Sands, Richard Lewis",Won 1 Oscar. Another 30 wins & 27 nominations.,USA,Mike Figgis,"Drama, Romance","English, Russian",82,"Because his wife left him and took his son with her, screenwriter Ben Sanderson has started drinking, a lot. He's getting more and more isolated and he troubles women in bars because he wants to have sex with them. When he gets fired, he decides to leave everything behind and move to Las Vegas and drink himself to death. In Las Vegas he meets Sera, a prostitute with some problems as well who he moves in with.",http://ia.media-imdb.com/images/M/MV5BNDg3MDM5NTI0MF5BMl5BanBnXkFtZTcwNDY0NDk0NA@@._V1_SX300.jpg,R,09 Feb 1996,True,111 min,Leaving Las Vegas,movie,"John O'Brien (novel), Mike Figgis (screenplay)",1995,25,tt0113627,7.6,"91,469"
"Laurence Fishburne, Irène Jacob, Kenneth Branagh, Nathaniel Parker",3 nominations.,"USA, UK",Oliver Parker,"Drama, Romance",English,N/A,"Iago convinces Othello, The Moor of Venice that his wife, Desdemona has been unfaithful. Iago is an evil, manipulative character with his own agenda. A plot of jealousy and rage transpires in this classic Shakespearean tale.",http://ia.media-imdb.com/images/M/MV5BMTIxMzA2ODk2NV5BMl5BanBnXkFtZTcwMzQ4ODIyMQ@@._V1_SX300.jpg,R,19 Jan 1996,True,123 min,Othello,movie,"Oliver Parker (adaptation), William Shakespeare (play)",1995,26,tt0114057,7.0,"7,241"
"Christina Ricci, Rosie O'Donnell, Thora Birch, Melanie Griffith",1 nomination.,USA,Lesli Linka Glatter,"Comedy, Drama",English,N/A,"Roberta, Teeny, Samantha and Chrissy have been busy growing up, but they always remembered the promise they made to be there for each other. Now they're together again to relive the greatest summer of their lives.",http://ia.media-imdb.com/images/M/MV5BMTY4MjMwNzA1NF5BMl5BanBnXkFtZTcwNzEwNTYyMQ@@._V1_SX300.jpg,PG-13,20 Oct 1995,True,100 min,Now and Then,movie,I. Marlene King,1995,27,tt0114011,6.7,"21,002"
"Amanda Root, Ciarán Hinds, Susan Fleetwood, Corin Redgrave",7 wins & 2 nominations.,"UK, USA, France",Roger Michell,"Drama, Romance",English,N/A,"Eight years earlier, Anne Elliot, the daughter of a financially troubled aristocratic family, was persuaded to break off her engagement to Frederick Wentworth, a young seaman, who, though ...",http://ia.media-imdb.com/images/M/MV5BMTc5NzAwNDAyN15BMl5BanBnXkFtZTYwMjYzMDc5._V1_SX300.jpg,PG,27 Sep 1995,True,107 min,Persuasion,movie,"Jane Austen (novel), Nick Dear (screenplay)",1995,28,tt0114117,7.7,"8,758"
"Ron Perlman, Daniel Emilfork, Judith Vittet, Dominique Pinon",2 wins & 11 nominations.,"France, Germany, Spain","Marc Caro, Jean-Pierre Jeunet","Fantasy, Sci-Fi","French, Cantonese",73,"Krank (Daniel Emilfork), who cannot dream, kidnaps young children to steal their dreams. One (Ron Perlman), a former whale hunter who is as strong as a horse, sets forth to search for Denree, his little brother who was kidnapped by Krank's men. Helped by young Miette (Judith Vittet), he soon arrives in La Cite des Enfants Perdus (The City of Lost Children).",http://ia.media-imdb.com/images/M/MV5BMTg1OTk5OTM5Nl5BMl5BanBnXkFtZTcwNjM5MzI4OA@@._V1_SX300.jpg,R,15 Dec 1995,True,112 min,The City of Lost Children,movie,"Gilles Adrien, Jean-Pierre Jeunet, Marc Caro, Gilles Adrien (dialogue), Guillaume Laurant (additional dialogue), Jean-Pierre Jeunet (additional dialogue)",1995,29,tt0112682,7.7,"54,490"
"Li Gong, Baotian Li, Wang Xiaoxiao, Xuejian Li",Nominated for 1 Oscar. Another 5 wins & 3 nominations.,"France, China",Yimou Zhang,"Crime, Drama",Mandarin,N/A,"Uncle Liu brings his cousin to Shanghai to work for 'Boss,' the leader of a powerful drug empire in the 1930's. Shuisheng, a simple country boy is awed and overwhelmed by the opulence and immense wealth he is suddenly surrounded by. He is to be the attendant of Xiao Jingbao, the new mistress of 'Boss.' While he fumbles with the demands of his new role, much intrigue is going on around him, well beyond his bewildered perception. Xiao Jingbao is having a tumultuous affair, Fat Yu is starting a gang war, and 'Boss' is beginning to suspect that one of his trusted men is not loyal.",http://ia.media-imdb.com/images/M/MV5BMTgyMzAwOTQyNF5BMl5BanBnXkFtZTcwNDU1MjgxMQ@@._V1_SX300.jpg,R,22 Dec 1995,True,108 min,Shanghai Triad,movie,"Bi Feiyu, Li Xiao (novel)",1995,30,tt0115012,7.2,"4,140"
"Michelle Pfeiffer, George Dzundza, Courtney B. Vance, Robin Bartlett",5 wins & 5 nominations.,USA,John N. Smith,"Biography, Drama",English,47,"Louanne Johnson is an ex-marine, hired as a teacher in a high-school in a poor area of the city. She has recently separated from her husband. Her friend, also teacher in the school, got the temporary job for her. After a terrible reception from the students, she tries unconventional methods of teaching (using karate, Bob Dylan lyrics etc) to gain the trust of the students.",http://ia.media-imdb.com/images/M/MV5BMTI3NDIyMjIyM15BMl5BanBnXkFtZTYwMzA3NjU5._V1_SX300.jpg,R,11 Aug 1995,True,99 min,Dangerous Minds,movie,"LouAnne Johnson (book), Ronald Bass (screenplay)",1995,31,tt0112792,6.4,"37,045"
"Joseph Melito, Bruce Willis, Jon Seda, Michael Chance",Nominated for 2 Oscars. Another 9 wins & 18 nominations.,USA,Terry Gilliam,"Mystery, Sci-Fi, Thriller","English, French",74,"An unknown and lethal virus has wiped out five billion people in 1996. Only 1% of the population has survived by the year 2035, and is forced to live underground. A convict (James Cole) reluctantly volunteers to be sent back in time to 1996 to gather information about the origin of the epidemic (who he's told was spread by a mysterious ""Army of the Twelve Monkeys"") and locate the virus before it mutates so that scientists can study it. Unfortunately Cole is mistakenly sent to 1990, six years earlier than expected, and is arrested and locked up in a mental institution, where he meets Dr. Kathryn Railly, a psychiatrist, and Jeffrey Goines, the insane son of a famous scientist and virus expert.",http://ia.media-imdb.com/images/M/MV5BMjI4MDIxNjk2Ml5BMl5BanBnXkFtZTcwMTA3Njk3OA@@._V1_SX300.jpg,R,05 Jan 1996,True,129 min,Twelve Monkeys,movie,"Chris Marker (film La Jetée), David Webb Peoples (screenplay), Janet Peoples (screenplay)",1995,32,tt0114746,8.1,"446,779"
"Craig Sheffer, Tom Hulce, Elizabeth McGovern, Val Kilmer",N/A,"USA, France",Jean-Jacques Annaud,"Adventure, Romance",English,N/A,"In 1920's South America a small group of French pilots struggle to prove they can offer a reliable airmail service over the Andes. When one of the young pilots crashes on such a flight he has to try and get back to civilization on foot. Back home, his wife and colleagues start to fear the worst.",http://ia.media-imdb.com/images/M/MV5BMTc3ODY1MjA3OF5BMl5BanBnXkFtZTcwODgzOTgyMQ@@._V1_SX300.jpg,G,18 Sep 1996,True,40 min,Wings of Courage,movie,"Alain Godard, Jean-Jacques Annaud",1995,33,tt0114952,6.6,471
"Christine Cavanaugh, Miriam Margolyes, Danny Mann, Hugo Weaving",Won 1 Oscar. Another 18 wins & 22 nominations.,"Australia, USA",Chris Noonan,"Comedy, Drama, Family",English,83,"Farmer Hoggett wins a runt piglet at a local fair and young Babe, as the piglet decides to call himself, befriends and learns about all the other creatures on the farm. He becomes special friends with one of the sheepdogs, Fly. With Fly's help, and Farmer Hoggett's intuition, Babe embarks on a career in sheepherding with some surprising and spectacular results.",http://ia.media-imdb.com/images/M/MV5BMTIwNzY2OTIzN15BMl5BanBnXkFtZTcwNjcxODAzMQ@@._V1_SX300.jpg,G,04 Aug 1995,True,91 min,Babe,movie,"Dick King-Smith (novel), George Miller (screenplay), Chris Noonan (screenplay)",1995,34,tt0112431,6.8,"91,870"
"Emma Thompson, Jonathan Pryce, Steven Waddington, Samuel West",Nominated for 1 BAFTA Film Award. Another 7 wins & 7 nominations.,"UK, France",Christopher Hampton,"Biography, Drama",English,N/A,"The story of the relationship between painter Dora Carrington and author Lytton Strachey in a World War One England of cottages and countryside. Although platonic due to Strachey's homosexuality, the relationship was nevertheless a deep and complicated one. When Carrington did develop a more physical relationship with soldier Ralph Partridge, Strachey was able to welcome him as a friend, although Partridge remained somewhat uneasy, not so much with Strachey's sexual orientation as with the fact that he was a conscientious objector.",http://ia.media-imdb.com/images/M/MV5BMTI5NjcxMjc4MV5BMl5BanBnXkFtZTcwOTEzMDYxMQ@@._V1_SX300.jpg,R,10 Nov 1995,True,121 min,Carrington,movie,"Christopher Hampton, Michael Holroyd (book)",1995,35,tt0112637,6.9,"4,351"
"Susan Sarandon, Sean Penn, Robert Prosky, Raymond J. Barry",Won 1 Oscar. Another 20 wins & 19 nominations.,"UK, USA",Tim Robbins,"Crime, Drama",English,80,"A convicted murderer on Death Row and the nun who befriends him. Through the portrayal of finely drawn characters and their interactions as the days, hours, and minutes tick down to the condemned man's execution, powerful emotions are unleashed. While Matthew Poncelet and Sister Prejean desperately try to gain a stay of execution from the governor or the courts, scenes are intercut from the brutal crime, gradually revealing the truth about the events that transpired. In addition to her temporal help, the nun also tries to reach out spiritually and assist as a guide to salvation.",http://ia.media-imdb.com/images/M/MV5BMTM3NzA1MjM2N15BMl5BanBnXkFtZTcwMzY3MTMzNA@@._V1_SX300.jpg,R,02 Feb 1996,True,122 min,Dead Man Walking,movie,"Helen Prejean (book), Tim Robbins",1995,36,tt0112818,7.6,"71,231"
"Peter Reznick, John McDonough, Avi Hoffman, Victor Steinbach",N/A,USA,Stephen Low,"Adventure, Drama, Family","English, Russian",N/A,"A young Russian boy, Thomas Minton, travels to New York as a passenger on a Russian freighter. Close to Ellis Island he gets off and thus starts his journey to America the same way as all immigrants in former times. Thomas is searching for the family of one of his ancestors, who had emigrated decades ago, but once sent a letter home together with a sample of his new profession: 3D-Photography. The boy follows his relative's traces by counter-checking the old 3D-Photographs of New York (using an antique viewer) with the same places and how they look today. This way, the audience gets to see the Big Apple in former times as well as today.",http://ia.media-imdb.com/images/M/MV5BOTIwMzk1MDc1MF5BMl5BanBnXkFtZTcwMTEzNDkyMQ@@._V1_SX300.jpg,G,20 Oct 1995,True,51 min,Across the Sea of Time,movie,Andrew Gellis,1995,37,tt0112286,6.6,203
"Kirstie Alley, Steve Guttenberg, Mary-Kate Olsen, Ashley Olsen",1 win & 3 nominations.,USA,Andy Tennant,"Comedy, Family, Romance",English,45,"Alyssa (a rich girl) and Amanda (an orphan) are two little girls who are identical, but complete strangers, that accidentally meet one day. In an attempt to stop Alyssa's father from getting married to Clarice, a conceited, know-it-all, the girls get him to meet Amanda's Case Worker and switch lives to stop the wedding once and for all. Though things don't go exactly as planned when Alyssa gets adopted and Clarice moves up the wedding...",http://ia.media-imdb.com/images/M/MV5BMTY3OTg1Nzk4OV5BMl5BanBnXkFtZTcwNDM3MTEyMQ@@._V1_SX300.jpg,PG,17 Nov 1995,True,101 min,It Takes Two,movie,Deborah Dean Davis,1995,38,tt0113442,5.7,"14,602"
"Alicia Silverstone, Stacey Dash, Brittany Murphy, Paul Rudd",6 wins & 11 nominations.,USA,Amy Heckerling,"Comedy, Romance","English, Spanish",68,"Cher, a high school student in Beverly Hills, must survive the ups and downs of adolescent life. Her external demeanor at first seems superficial, but rather it hides her wit, charm, and intelligence which help her to deal with relationships, friends, family, school, and the all-important teenage social life.",http://ia.media-imdb.com/images/M/MV5BMTgxODIxODE2MF5BMl5BanBnXkFtZTgwOTA4NjQxMTE@._V1_SX300.jpg,PG-13,19 Jul 1995,True,97 min,Clueless,movie,Amy Heckerling,1995,39,tt0112697,6.8,"116,376"
"James Earl Jones, Richard Harris, Vusi Kunene, Charles S. Dutton",1 win & 4 nominations.,"South Africa, USA",Darrell Roodt,"Drama, Thriller",English,71,"South African church minister Steven Kumalo is summoned from his village to Johannesburg. There he finds that his son Absolom has been jailed in connection with a robbery in which a white man was killed. The father of the white man, James Jarvis, is a supporter of apartheid, the separation of the races which is the law of South Africa. When they encounter each other, both Kumalo and Jarvis come to unexpected realizations not only about their sons, but about the nature of their own humanity.",http://ia.media-imdb.com/images/M/MV5BMTcwMDU1OTEwOF5BMl5BanBnXkFtZTcwMTg5NjEyMQ@@._V1_SX300.jpg,PG-13,15 Dec 1995,True,106 min,"Cry, the Beloved Country",movie,"Ronald Harwood (screenplay), Alan Paton (novel)",1995,40,tt0112749,6.9,"1,399"
"Ian McKellen, Annette Bening, Jim Broadbent, Robert Downey Jr.",Nominated for 2 Oscars. Another 6 wins & 10 nominations.,"UK, USA",Richard Loncraine,"Drama, War",English,N/A,"William Shakespeare's classic play is brought into the present with the setting as Great Britian in the 1930s. Civil war has erupted with the House of Lancaster on one side, claiming the right to the British throne and hoping to bring freedom to the country. Opposing is the House of York, commanded by the infamous Richard who rules over a fascist government and hopes to install himself as a dictator monarch.",http://ia.media-imdb.com/images/M/MV5BMTI3MzMwMzIxMF5BMl5BanBnXkFtZTYwNTM0Nzc5._V1_SX300.jpg,R,29 Dec 1995,True,104 min,Richard III,movie,"William Shakespeare (play), Ian McKellen, Richard Loncraine",1995,41,tt0114279,7.5,"11,297"
"Larenz Tate, Keith David, Chris Tucker, Freddy Rodríguez",2 nominations.,USA,"Albert Hughes, Allen Hughes","Action, Crime, Drama",English,N/A,"This action film, directed by the Hughes brothers, depicts a heist of old bills, retired from circulation and destined by the government to be ""money to burn."" However, more broadly, it addresses the issues of Black Americans' involvement in the Vietnam War and their subsequent disillusionment with progress in social issues and civil rights back home in the United States, during the 1960's.",http://ia.media-imdb.com/images/M/MV5BMzE0NTI0MTM5MV5BMl5BanBnXkFtZTcwMzYwMTYyMQ@@._V1_SX300.jpg,R,06 Oct 1995,True,119 min,Dead Presidents,movie,"Allen Hughes (story), Albert Hughes (story), Michael Henry Brown (story), Michael Henry Brown (screenplay), Wallace Terry (story)",1995,42,tt0112819,6.8,"14,749"
"Robert Downey Jr., Sam Neill, David Thewlis, Polly Walker",Won 2 Oscars. Another 2 nominations.,"USA, UK",Michael Hoffman,"Biography, Drama, History","English, Latin",N/A,"An aspiring young physician, Robert Merivel found himself in the service of King Charles II and saves the life of a spaniel dear to the King. Merivel joins the King's court and lives the high life provided to someone of his position. Merivel is ordered to marry one of the King's mistresses in order to divert the suspicions of another one of his mistresses. He is given one order by the king and that is not to fall in love. The situation worsens when Merivel finds himself in love with his new wife. Eventually, the King finds out and relieves Merivel of his position and wealth. His fall from grace leaves Merivel where he first started. And through his travels and reunions with an old friend, he rediscovers his love for true medicine and what it really means to be a physician.",http://ia.media-imdb.com/images/M/MV5BMjE5ODY5MTU5OF5BMl5BanBnXkFtZTYwNjcwNTY5._V1_SX300.jpg,R,02 Feb 1996,True,117 min,Restoration,movie,"Rose Tremain (novel), Rupert Walters (screenplay)",1995,43,tt0114272,6.7,"7,423"
"Christopher Lambert, Robin Shou, Linden Ashby, Cary-Hiroyuki Tagawa",1 win & 3 nominations.,USA,Paul W.S. Anderson,"Action, Adventure, Fantasy",English,58,Three unknowing martial artists are summoned to a mysterious island to compete in a tournament whose outcome will decide the fate of the world.,http://ia.media-imdb.com/images/M/MV5BMjMyMTkwNzcxNF5BMl5BanBnXkFtZTgwOTMxNzYxMTE@._V1_SX300.jpg,PG-13,18 Aug 1995,True,101 min,Mortal Kombat,movie,"Ed Boon (video games), John Tobias (video games), Kevin Droney",1995,44,tt0113855,5.8,"79,687"
"Nicole Kidman, Matt Dillon, Joaquin Phoenix, Casey Affleck",Won 1 Golden Globe. Another 6 wins & 12 nominations.,"USA, UK, Canada",Gus Van Sant,"Comedy, Crime, Drama",English,86,"Suzanne Stone (Maretto) knows exactly what she wants. She wants to be a television newscaster and she is willing to do anything to get what she wants. What she lacks in intelligence, she makes up for in cold determination and diabolical wiles. As she pursues her goal with relentless focus, she is forced to destroy anything and anyone that may stand in her way, regardless of the ultimate cost or means necessary.",http://ia.media-imdb.com/images/M/MV5BOTQwODcwOTY1NV5BMl5BanBnXkFtZTcwNjIwOTc0NA@@._V1_SX300.jpg,R,06 Oct 1995,True,106 min,To Die For,movie,"Joyce Maynard (book), Buck Henry (screenplay)",1995,45,tt0114681,6.8,"33,928"
"Kaelynn Craddick, Sara Craddick, Kate Capshaw, Adam Baldwin",4 nominations.,USA,Jocelyn Moorhouse,"Comedy, Drama, Romance",English,N/A,"Finn is a young graduate student, finishing a master's thesis, and preparing for marriage to her fiance Sam. But thoughts of the end of the free life, and a potential summer fling, intrude. She goes home to her grandmother, where, over the making of her wedding gift by a group of quilting-bee friends, laughter, bickering, love, and advice lead her toward a more open-eyed examination of her course.",http://ia.media-imdb.com/images/M/MV5BNzY3NTQ0NTM0NV5BMl5BanBnXkFtZTcwODkwMzgxMQ@@._V1_SX300.jpg,PG-13,06 Oct 1995,True,109 min,How to Make an American Quilt,movie,"Whitney Otto (novel), Jane Anderson (screenplay)",1995,46,tt0113347,6.2,"8,258"
"Morgan Freeman, Andrew Kevin Walker, Daniel Zacapa, Brad Pitt",Nominated for 1 Oscar. Another 25 wins & 33 nominations.,USA,David Fincher,"Crime, Drama, Mystery",English,65,"A film about two homicide detectives' desperate hunt for a serial killer who justifies his crimes as absolution for the world's ignorance of the Seven Deadly Sins. The movie takes us from the tortured remains of one victim to the next as the sociopathic ""John Doe"" sermonizes to Detectives Somerset and Mills -- one sin at a time. The sin of Gluttony comes first and the murderer's terrible capacity is graphically demonstrated in the dark and subdued tones characteristic of film noir. The seasoned and cultured but jaded Somerset researches the Seven Deadly Sins in an effort to understand the killer's modus operandi while the bright but green and impulsive Detective Mills scoffs at his efforts to get inside the mind of a killer...",http://ia.media-imdb.com/images/M/MV5BMTQwNTU3MTE4NF5BMl5BanBnXkFtZTcwOTgxNDM2Mg@@._V1_SX300.jpg,R,22 Sep 1995,True,127 min,Se7en,movie,Andrew Kevin Walker,1995,47,tt0114369,8.6,"981,458"
"Irene Bedard, Judy Kuhn, Mel Gibson, David Ogden Stiers",Won 2 Oscars. Another 13 wins & 6 nominations.,USA,"Mike Gabriel, Eric Goldberg","Animation, Adventure, Drama","English, Algonquin",58,"Capt. John Smith leads a rag-tag band of English sailors & soldiers to the New World to plunder its riches for England (or, more precisely, for Governor Ratcliffe, who comes along for the ride). Meanwhile, in this ""New World,"" Chief Powhatan has pledged his daughter, Pocahontas, to be married to the village's greatest warrior. Pocahontas, however, has other ideas. She has seen a vision of a spinning arrow, a vision she believes tells her change is coming. Her life does indeed change when the English ship lands near her village. Between Ratcliffe, who believes the ""savages"" are hiding the gold he expected to be plentiful, and Powhatan, who believes these pale newcomers will destroy their land, Smith and Pocahontas have a difficult time preventing all-out war, and saving their love for each other.",http://ia.media-imdb.com/images/M/MV5BMTU2ODI2NzI4OF5BMl5BanBnXkFtZTYwMjk5NzA5._V1_SX300.jpg,G,23 Jun 1995,True,81 min,Pocahontas,movie,"Carl Binder, Susannah Grant, Philip LaZebnik, Glen Keane (story), Joe Grant (story), Ralph Zondag (story), Burny Mattinson (story), Ed Gombert (story), Kaan Kalyon (story), Francis Glebas (story), Rob Gibbs (story), Bruce Morris (story), Todd Kurosawa (story), Duncan Marjoribanks (story), Chris Buck (story), Mike Gabriel (based on an idea by), Andrew Chapman (additional story development), Randy Cartwright (additional story development), Will Finn (additional story development), Broose Johnson (additional story development), T. Daniel Hofstedt (additional story development), David Pruiksma (additional story development), Nik Ranieri (additional story development), Vincent DeFrances (additional story development), Tom Mazzocco (additional story development), Don Dougherty (additional story development), Jorgen Klubien (additional story development)",1995,48,tt0114148,6.6,"113,939"
"Pascale Bussières, Rachael Crawford, Henry Czerny, David Fox",5 nominations.,Canada,Patricia Rozema,"Drama, Romance",English,N/A,"Camille and Martin are in love and teachers at a christian college; they get the opportunity to get a better job, but they would have to marry for that. But when Camille's dog dies, she recognizes that her love for Martin is not even as big as the love for her dog. After that, Camille gets to know Petra, and Petra falls in love with Camille. They meet again, but Camille is very unsure about her feelings. When Martin is away for a weekend, Camille and Petra meet in the Circus where Petra is working as an acrobat. They spend the night together, but Martin finds out about it and is shocked. He has an argument with Camille, and she goes burying her dog in the snow, and falls asleep...",http://ia.media-imdb.com/images/M/MV5BMTI2OTU5MDMzN15BMl5BanBnXkFtZTcwMTkxNTEzMQ@@._V1_SX300.jpg,R,17 Nov 1995,True,94 min,When Night Is Falling,movie,Patricia Rozema,1995,49,tt0114916,6.8,"5,192"
"Stephen Baldwin, Gabriel Byrne, Benicio Del Toro, Kevin Pollak",Won 2 Oscars. Another 31 wins & 15 nominations.,"USA, Germany",Bryan Singer,"Crime, Drama, Mystery","English, Hungarian, Spanish, French",77,"Following a truck hijack in New York, five conmen are arrested and brought together for questioning. As none of them are guilty, they plan a revenge operation against the police. The operation goes well, but then the influence of a legendary mastermind criminal called Keyser Söze is felt. It becomes clear that each one of them has wronged Söze at some point and must pay back now. The payback job leaves 27 men dead in a boat explosion, but the real question arises now: Who actually is Keyser Söze?",http://ia.media-imdb.com/images/M/MV5BMzI1MjI5MDQyOV5BMl5BanBnXkFtZTcwNzE4Mjg3NA@@._V1_SX300.jpg,R,15 Sep 1995,True,106 min,The Usual Suspects,movie,Christopher McQuarrie,1995,50,tt0114814,8.6,"711,361"
"Cynthia Rothrock, Daniel McVicar, Lydie Denier, Marshall R. Teague",N/A,USA,Richard W. Munchkin,"Action, Drama, Thriller",English,N/A,"Christine McKay is a cop. She and some other cops which includes her lover are pursuing some criminals. Her lover gets killed by a woman named Nina, who is later caught. Because of his death McKay is leaves the force. A few months later a man named Hobbs calls McKay. And she goes to see him, he tells her, he wants to hire her to protect him. It seems that Nina is his ex and he tells her she escaped. And Hobbs is worried she's coming for him. McKay goes to check it out and finds out it's true. She then goes back to Hobbs and finds Nina there but she doesn't do anything, instead she's looking for something but Hobbs claims not to know what she's talking about. So McKay stays to protect Hobbs and to get Nina.",http://ia.media-imdb.com/images/M/MV5BMTI1OTA0NDQzN15BMl5BanBnXkFtZTcwMjIwNjQyMQ@@._V1_SX300.jpg,R,22 Nov 1994,True,97 min,Guardian Angel,movie,Joe Hart,1994,51,tt0109950,4.7,212
"Pamela Blair, Rene Ceballos, Elie Chaib, George De La Pena",Won 1 Oscar. Another 11 wins & 11 nominations.,USA,Woody Allen,"Comedy, Fantasy, Romance",English,59,"Lenny and Amanda have an adopted son Max who turns out to be brilliant. Lenny becomes obsessed with finding Max's real parents because he believes that they too must be brilliant. When he finds that Linda Ash is Max' real mother, Lenny is disappointed. Linda is a prostitute and porn star. On top of that, she is quite possibly the dumbest person Lenny has ever met. Interwoven is a Greek chorus linking the story with the story of Oedipus.",http://ia.media-imdb.com/images/M/MV5BMTUzMzE3Nzg5Ml5BMl5BanBnXkFtZTcwNTIxNDEyMQ@@._V1_SX300.jpg,R,10 Nov 1995,True,95 min,Mighty Aphrodite,movie,Woody Allen,1995,52,tt0113819,7.1,"30,824"
"Enrico Lo Verso, Michele Placido, Piro Milkani, Carmelo Di Mazzarelli",19 wins & 13 nominations.,"Italy, France, Switzerland",Gianni Amelio,Drama,"Albanian, Italian",N/A,Two Italian racketeers come to Albania just after the fall of the communists to set up a fictive firm and pocket the grants. They need a stooge. They choose an old one in a jail : Spiro. ...,http://ia.media-imdb.com/images/M/MV5BMTk0MTI5MjU3MF5BMl5BanBnXkFtZTcwMjMzODUyMQ@@._V1_SX300.jpg,N/A,04 Oct 1995,True,116 min,Lamerica,movie,"Gianni Amelio, Andrea Porporati, Alessandro Sermoneta",1994,53,tt0110299,7.6,"1,714"
"Steve Guttenberg, Olivia d'Abo, Jay O. Sanders, John Terry",N/A,USA,Holly Goldberg Sloan,"Comedy, Family, Sport",English,N/A,"Another Disney underdog sports team of misfit kids (soccer this time) learns to play a new sport and become champions, while building self-esteem, making friends and solving a variety of ...",http://ia.media-imdb.com/images/M/MV5BMTMwODc3MDk3Nl5BMl5BanBnXkFtZTcwMTE5NTUyMQ@@._V1_SX300.jpg,PG,29 Sep 1995,True,100 min,The Big Green,movie,Holly Goldberg Sloan,1995,54,tt0112499,5.4,"6,671"
